repo,repo_url,default_branch,issues_total,issues_open,issues_closed,issues_labelled,prs_total,prs_open,prs_merged,prs_closed_not_merged,prs_with_member_comments,prs_with_reviews,prs_avg_size,prs_avg_cycle_hours,prs_with_linked_issues,prs_merged_without_review,prs_pct_merged_green_ci,actions_total,actions_passing,user_login,user_commits,user_prs_opened,user_prs_approved,user_issues_opened,user_issues_closed,user_pr_comments,user_reviews_given,user_reviews_received,user_review_ratio,user_review_comments_given,user_avg_comments_per_review,user_action_failures,user_contributions_url
lamorinda-spirit-van,https://github.com/cs169/lamorinda-spirit-van,main,53,13,40,46,57,1,46,10,28,44,150.9,68.1,23,5,0.0,100,93,AlisaIsGodly,6,11,0,4,0,0,0,10,0.0,0,0,0,https://github.com/cs169/lamorinda-spirit-van/commits?author=AlisaIsGodly
lamorinda-spirit-van,https://github.com/cs169/lamorinda-spirit-van,main,53,13,40,46,57,1,46,10,28,44,150.9,68.1,23,5,0.0,100,93,n1qqq,103,27,24,20,26,37,35,20,1.75,4,0.11,7,https://github.com/cs169/lamorinda-spirit-van/commits?author=n1qqq
lamorinda-spirit-van,https://github.com/cs169/lamorinda-spirit-van,main,53,13,40,46,57,1,46,10,28,44,150.9,68.1,23,5,0.0,100,93,mmmmerlin,17,2,12,1,5,4,13,2,6.5,0,0.0,0,https://github.com/cs169/lamorinda-spirit-van/commits?author=mmmmerlin
lamorinda-spirit-van,https://github.com/cs169/lamorinda-spirit-van,main,53,13,40,46,57,1,46,10,28,44,150.9,68.1,23,5,0.0,100,93,jliu6184,31,7,5,21,1,8,5,12,0.42,0,0.0,0,https://github.com/cs169/lamorinda-spirit-van/commits?author=jliu6184
lamorinda-spirit-van,https://github.com/cs169/lamorinda-spirit-van,main,53,13,40,46,57,1,46,10,28,44,150.9,68.1,23,5,0.0,100,93,rytradmin1,24,9,3,6,8,14,8,16,0.5,2,0.25,0,https://github.com/cs169/lamorinda-spirit-van/commits?author=rytradmin1
flextensions,https://github.com/cs169/flextensions,main,20,13,7,11,28,1,22,5,15,5,570.6,399.0,3,18,86.4,100,83,alxstx,21,5,1,3,0,0,3,1,3.0,7,2.33,1,https://github.com/cs169/flextensions/commits?author=alxstx
flextensions,https://github.com/cs169/flextensions,main,20,13,7,11,28,1,22,5,15,5,570.6,399.0,3,18,86.4,100,83,gobears01,95,7,3,7,3,7,10,3,3.33,12,1.2,12,https://github.com/cs169/flextensions/commits?author=gobears01
flextensions,https://github.com/cs169/flextensions,main,20,13,7,11,28,1,22,5,15,5,570.6,399.0,3,18,86.4,100,83,ba88im,8,8,0,0,0,2,2,1,2.0,2,1.0,4,https://github.com/cs169/flextensions/commits?author=ba88im
flextensions,https://github.com/cs169/flextensions,main,20,13,7,11,28,1,22,5,15,5,570.6,399.0,3,18,86.4,100,83,Shklalom,2,2,0,4,1,1,0,4,0.0,0,0,0,https://github.com/cs169/flextensions/commits?author=Shklalom
flextensions,https://github.com/cs169/flextensions,main,20,13,7,11,28,1,22,5,15,5,570.6,399.0,3,18,86.4,100,83,noahnizamian,15,5,0,6,3,3,1,7,0.14,1,1.0,0,https://github.com/cs169/flextensions/commits?author=noahnizamian
BJC-Teacher-Tracker,https://github.com/cs169/BJC-Teacher-Tracker,main,20,0,20,10,37,0,28,9,15,0,475.9,215.8,1,28,0.0,100,91,ronikriger,5,4,0,8,1,1,0,1,0.0,0,0,0,https://github.com/cs169/BJC-Teacher-Tracker/commits?author=ronikriger
BJC-Teacher-Tracker,https://github.com/cs169/BJC-Teacher-Tracker,main,20,0,20,10,37,0,28,9,15,0,475.9,215.8,1,28,0.0,100,91,NishK05,9,3,0,3,0,1,1,1,1.0,1,1.0,0,https://github.com/cs169/BJC-Teacher-Tracker/commits?author=NishK05
BJC-Teacher-Tracker,https://github.com/cs169/BJC-Teacher-Tracker,main,20,0,20,10,37,0,28,9,15,0,475.9,215.8,1,28,0.0,100,91,kienthuynh,78,25,0,8,19,9,1,0,∞,1,1.0,9,https://github.com/cs169/BJC-Teacher-Tracker/commits?author=kienthuynh
BJC-Teacher-Tracker,https://github.com/cs169/BJC-Teacher-Tracker,main,20,0,20,10,37,0,28,9,15,0,475.9,215.8,1,28,0.0,100,91,hagenhaeussler,1,5,0,0,0,9,0,0,N/A,0,0,0,https://github.com/cs169/BJC-Teacher-Tracker/commits?author=hagenhaeussler
snapcon,https://github.com/cs169/snapcon,main,13,1,12,10,20,0,17,3,6,2,152.3,296.9,4,15,0.0,100,74,Ethan-Stone1,66,7,1,5,4,1,5,4,1.25,4,0.8,0,https://github.com/cs169/snapcon/commits?author=Ethan-Stone1
snapcon,https://github.com/cs169/snapcon,main,13,1,12,10,20,0,17,3,6,2,152.3,296.9,4,15,0.0,100,74,zhouyijun111,16,4,0,3,4,4,0,1,0.0,0,0,0,https://github.com/cs169/snapcon/commits?author=zhouyijun111
snapcon,https://github.com/cs169/snapcon,main,13,1,12,10,20,0,17,3,6,2,152.3,296.9,4,15,0.0,100,74,li-xinwei,5,4,0,2,3,0,0,0,N/A,0,0,2,https://github.com/cs169/snapcon/commits?author=li-xinwei
snapcon,https://github.com/cs169/snapcon,main,13,1,12,10,20,0,17,3,6,2,152.3,296.9,4,15,0.0,100,74,sikesbc,25,5,0,3,1,0,1,1,1.0,3,3.0,0,https://github.com/cs169/snapcon/commits?author=sikesbc
