app,app_url,region,stack,dynos,slug_size,repo_size,releases_total,releases_succeeded,releases_failed,most_recent_release_date,most_recent_release_user,builds_total,builds_succeeded,builds_failed,addons,config_vars_count,config_vars_names,collaborator_email,user_releases_total,user_releases_succeeded,user_releases_failed
sp26-01-spiritvan,https://sp26-01-spiritvan-74f6391ab24d.herokuapp.com/,us,heroku-24,web: 1,113 MB,12 MB,10,10,0,2026-05-01T20:38:28Z,n1qqq@berkeley.edu,0,0,0,heroku-postgresql:essential-0,2,"DATABASE_URL, SENTRY_DSN",arielshehter@berkeley.edu,0,0,0
sp26-01-spiritvan,https://sp26-01-spiritvan-74f6391ab24d.herokuapp.com/,us,heroku-24,web: 1,113 MB,12 MB,10,10,0,2026-05-01T20:38:28Z,n1qqq@berkeley.edu,0,0,0,heroku-postgresql:essential-0,2,"DATABASE_URL, SENTRY_DSN",jliu618@berkeley.edu,3,3,0
sp26-01-spiritvan,https://sp26-01-spiritvan-74f6391ab24d.herokuapp.com/,us,heroku-24,web: 1,113 MB,12 MB,10,10,0,2026-05-01T20:38:28Z,n1qqq@berkeley.edu,0,0,0,heroku-postgresql:essential-0,2,"DATABASE_URL, SENTRY_DSN",merlin@berkeley.edu,0,0,0
sp26-01-spiritvan,https://sp26-01-spiritvan-74f6391ab24d.herokuapp.com/,us,heroku-24,web: 1,113 MB,12 MB,10,10,0,2026-05-01T20:38:28Z,n1qqq@berkeley.edu,0,0,0,heroku-postgresql:essential-0,2,"DATABASE_URL, SENTRY_DSN",n1qqq@berkeley.edu,4,4,0
sp26-01-spiritvan,https://sp26-01-spiritvan-74f6391ab24d.herokuapp.com/,us,heroku-24,web: 1,113 MB,12 MB,10,10,0,2026-05-01T20:38:28Z,n1qqq@berkeley.edu,0,0,0,heroku-postgresql:essential-0,2,"DATABASE_URL, SENTRY_DSN",ryanmtran@berkeley.edu,0,0,0
sp26-02-flextensions,https://sp26-02-flextensions-45eafe44bb33.herokuapp.com/,us,heroku-24,"web: 1, worker: 1",116 MB,15 MB,77,77,0,2026-05-01T18:14:19Z,anthonydam@berkeley.edu,0,0,0,heroku-postgresql:essential-0,23,"ACTIVE_RECORD_ENCRYPTION_DETERMINISTIC_KEY, ACTIVE_RECORD_ENCRYPTION_KEY_DERIVATION_SALT, ACTIVE_RECORD_ENCRYPTION_PRIMARY_KEY, APP_HOST, APP_PORT, CANVAS_APP_KEY, CANVAS_CLIENT_ID, CANVAS_REDIRECT_URI, CANVAS_URL, DATABASE_URL, DEFAULT_FROM_EMAIL, GRADESCOPE_EMAIL, LANG, RACK_ENV, RAILS_ENV, RAILS_LOG_TO_STDOUT, RAILS_SERVE_STATIC_FILES, SMTP_ADDRESS, SMTP_AUTH_METHOD, SMTP_DOMAIN, SMTP_ENABLE_STARTTLS, SMTP_PORT, SMTP_SSL",alexander.stepanov@berkeley.edu,0,0,0
sp26-02-flextensions,https://sp26-02-flextensions-45eafe44bb33.herokuapp.com/,us,heroku-24,"web: 1, worker: 1",116 MB,15 MB,77,77,0,2026-05-01T18:14:19Z,anthonydam@berkeley.edu,0,0,0,heroku-postgresql:essential-0,23,"ACTIVE_RECORD_ENCRYPTION_DETERMINISTIC_KEY, ACTIVE_RECORD_ENCRYPTION_KEY_DERIVATION_SALT, ACTIVE_RECORD_ENCRYPTION_PRIMARY_KEY, APP_HOST, APP_PORT, CANVAS_APP_KEY, CANVAS_CLIENT_ID, CANVAS_REDIRECT_URI, CANVAS_URL, DATABASE_URL, DEFAULT_FROM_EMAIL, GRADESCOPE_EMAIL, LANG, RACK_ENV, RAILS_ENV, RAILS_LOG_TO_STDOUT, RAILS_SERVE_STATIC_FILES, SMTP_ADDRESS, SMTP_AUTH_METHOD, SMTP_DOMAIN, SMTP_ENABLE_STARTTLS, SMTP_PORT, SMTP_SSL",anthonydam@berkeley.edu,73,73,0
sp26-02-flextensions,https://sp26-02-flextensions-45eafe44bb33.herokuapp.com/,us,heroku-24,"web: 1, worker: 1",116 MB,15 MB,77,77,0,2026-05-01T18:14:19Z,anthonydam@berkeley.edu,0,0,0,heroku-postgresql:essential-0,23,"ACTIVE_RECORD_ENCRYPTION_DETERMINISTIC_KEY, ACTIVE_RECORD_ENCRYPTION_KEY_DERIVATION_SALT, ACTIVE_RECORD_ENCRYPTION_PRIMARY_KEY, APP_HOST, APP_PORT, CANVAS_APP_KEY, CANVAS_CLIENT_ID, CANVAS_REDIRECT_URI, CANVAS_URL, DATABASE_URL, DEFAULT_FROM_EMAIL, GRADESCOPE_EMAIL, LANG, RACK_ENV, RAILS_ENV, RAILS_LOG_TO_STDOUT, RAILS_SERVE_STATIC_FILES, SMTP_ADDRESS, SMTP_AUTH_METHOD, SMTP_DOMAIN, SMTP_ENABLE_STARTTLS, SMTP_PORT, SMTP_SSL",basimalharbi@berkeley.edu,1,1,0
sp26-02-flextensions,https://sp26-02-flextensions-45eafe44bb33.herokuapp.com/,us,heroku-24,"web: 1, worker: 1",116 MB,15 MB,77,77,0,2026-05-01T18:14:19Z,anthonydam@berkeley.edu,0,0,0,heroku-postgresql:essential-0,23,"ACTIVE_RECORD_ENCRYPTION_DETERMINISTIC_KEY, ACTIVE_RECORD_ENCRYPTION_KEY_DERIVATION_SALT, ACTIVE_RECORD_ENCRYPTION_PRIMARY_KEY, APP_HOST, APP_PORT, CANVAS_APP_KEY, CANVAS_CLIENT_ID, CANVAS_REDIRECT_URI, CANVAS_URL, DATABASE_URL, DEFAULT_FROM_EMAIL, GRADESCOPE_EMAIL, LANG, RACK_ENV, RAILS_ENV, RAILS_LOG_TO_STDOUT, RAILS_SERVE_STATIC_FILES, SMTP_ADDRESS, SMTP_AUTH_METHOD, SMTP_DOMAIN, SMTP_ENABLE_STARTTLS, SMTP_PORT, SMTP_SSL",igormoyzeson@berkeley.edu,0,0,0
sp26-02-flextensions,https://sp26-02-flextensions-45eafe44bb33.herokuapp.com/,us,heroku-24,"web: 1, worker: 1",116 MB,15 MB,77,77,0,2026-05-01T18:14:19Z,anthonydam@berkeley.edu,0,0,0,heroku-postgresql:essential-0,23,"ACTIVE_RECORD_ENCRYPTION_DETERMINISTIC_KEY, ACTIVE_RECORD_ENCRYPTION_KEY_DERIVATION_SALT, ACTIVE_RECORD_ENCRYPTION_PRIMARY_KEY, APP_HOST, APP_PORT, CANVAS_APP_KEY, CANVAS_CLIENT_ID, CANVAS_REDIRECT_URI, CANVAS_URL, DATABASE_URL, DEFAULT_FROM_EMAIL, GRADESCOPE_EMAIL, LANG, RACK_ENV, RAILS_ENV, RAILS_LOG_TO_STDOUT, RAILS_SERVE_STATIC_FILES, SMTP_ADDRESS, SMTP_AUTH_METHOD, SMTP_DOMAIN, SMTP_ENABLE_STARTTLS, SMTP_PORT, SMTP_SSL",nizamian@berkeley.edu,0,0,0
sp26-03-bjc,https://sp26-03-bjc-c7c152ebb984.herokuapp.com/,us,heroku-22,web: 1,166 MB,6 MB,64,59,5,2026-05-07T02:54:55Z,k_huynh@berkeley.edu,0,0,0,heroku-postgresql:essential-0,22,"BACKEND_MAPS_API_KEY, DATABASE_URL, FRONTEND_MAPS_API_KEY, GOOGLE_CLIENT_ID, GOOGLE_CLIENT_SECRET, HEROKU_APP_DEFAULT_DOMAIN_NAME, HEROKU_APP_ID, HEROKU_APP_NAME, HEROKU_RELEASE_CREATED_AT, HEROKU_RELEASE_VERSION, HEROKU_SLUG_COMMIT, HEROKU_SLUG_DESCRIPTION, LANG, OVERMIND_CAN_FAIL, PIAZZA_PASSWORD, RAILS_LOG_TO_STDOUT, RAILS_SERVE_STATIC_FILES, SECRET_KEY_BASE, SENTRY_DSN, SNAP_CLIENT_SECRET, SNAP_CLIENT_URL, attr_encrypted_key",hagen.haeussler@berkeley.edu,0,0,0
sp26-03-bjc,https://sp26-03-bjc-c7c152ebb984.herokuapp.com/,us,heroku-22,web: 1,166 MB,6 MB,64,59,5,2026-05-07T02:54:55Z,k_huynh@berkeley.edu,0,0,0,heroku-postgresql:essential-0,22,"BACKEND_MAPS_API_KEY, DATABASE_URL, FRONTEND_MAPS_API_KEY, GOOGLE_CLIENT_ID, GOOGLE_CLIENT_SECRET, HEROKU_APP_DEFAULT_DOMAIN_NAME, HEROKU_APP_ID, HEROKU_APP_NAME, HEROKU_RELEASE_CREATED_AT, HEROKU_RELEASE_VERSION, HEROKU_SLUG_COMMIT, HEROKU_SLUG_DESCRIPTION, LANG, OVERMIND_CAN_FAIL, PIAZZA_PASSWORD, RAILS_LOG_TO_STDOUT, RAILS_SERVE_STATIC_FILES, SECRET_KEY_BASE, SENTRY_DSN, SNAP_CLIENT_SECRET, SNAP_CLIENT_URL, attr_encrypted_key",k_huynh@berkeley.edu,59,54,5
sp26-03-bjc,https://sp26-03-bjc-c7c152ebb984.herokuapp.com/,us,heroku-22,web: 1,166 MB,6 MB,64,59,5,2026-05-07T02:54:55Z,k_huynh@berkeley.edu,0,0,0,heroku-postgresql:essential-0,22,"BACKEND_MAPS_API_KEY, DATABASE_URL, FRONTEND_MAPS_API_KEY, GOOGLE_CLIENT_ID, GOOGLE_CLIENT_SECRET, HEROKU_APP_DEFAULT_DOMAIN_NAME, HEROKU_APP_ID, HEROKU_APP_NAME, HEROKU_RELEASE_CREATED_AT, HEROKU_RELEASE_VERSION, HEROKU_SLUG_COMMIT, HEROKU_SLUG_DESCRIPTION, LANG, OVERMIND_CAN_FAIL, PIAZZA_PASSWORD, RAILS_LOG_TO_STDOUT, RAILS_SERVE_STATIC_FILES, SECRET_KEY_BASE, SENTRY_DSN, SNAP_CLIENT_SECRET, SNAP_CLIENT_URL, attr_encrypted_key",nishanthkankipati@berkeley.edu,0,0,0
sp26-03-bjc,https://sp26-03-bjc-c7c152ebb984.herokuapp.com/,us,heroku-22,web: 1,166 MB,6 MB,64,59,5,2026-05-07T02:54:55Z,k_huynh@berkeley.edu,0,0,0,heroku-postgresql:essential-0,22,"BACKEND_MAPS_API_KEY, DATABASE_URL, FRONTEND_MAPS_API_KEY, GOOGLE_CLIENT_ID, GOOGLE_CLIENT_SECRET, HEROKU_APP_DEFAULT_DOMAIN_NAME, HEROKU_APP_ID, HEROKU_APP_NAME, HEROKU_RELEASE_CREATED_AT, HEROKU_RELEASE_VERSION, HEROKU_SLUG_COMMIT, HEROKU_SLUG_DESCRIPTION, LANG, OVERMIND_CAN_FAIL, PIAZZA_PASSWORD, RAILS_LOG_TO_STDOUT, RAILS_SERVE_STATIC_FILES, SECRET_KEY_BASE, SENTRY_DSN, SNAP_CLIENT_SECRET, SNAP_CLIENT_URL, attr_encrypted_key",ronikriger@berkeley.edu,2,2,0
sp26-04-snapcon,https://sp26-04-snapcon-506c32b689ad.herokuapp.com/,us,heroku-24,web: 1,133 MB,16 MB,13,13,0,2026-04-24T04:25:25Z,bcsikes@berkeley.edu,0,0,0,heroku-postgresql:essential-0,2,"DATABASE_URL, OSEM_SENTRY_DSN",bcsikes@berkeley.edu,5,5,0
sp26-04-snapcon,https://sp26-04-snapcon-506c32b689ad.herokuapp.com/,us,heroku-24,web: 1,133 MB,16 MB,13,13,0,2026-04-24T04:25:25Z,bcsikes@berkeley.edu,0,0,0,heroku-postgresql:essential-0,2,"DATABASE_URL, OSEM_SENTRY_DSN",ethanstone@berkeley.edu,5,5,0
sp26-04-snapcon,https://sp26-04-snapcon-506c32b689ad.herokuapp.com/,us,heroku-24,web: 1,133 MB,16 MB,13,13,0,2026-04-24T04:25:25Z,bcsikes@berkeley.edu,0,0,0,heroku-postgresql:essential-0,2,"DATABASE_URL, OSEM_SENTRY_DSN",vickyzhou0312@outlook.com,0,0,0
sp26-04-snapcon,https://sp26-04-snapcon-506c32b689ad.herokuapp.com/,us,heroku-24,web: 1,133 MB,16 MB,13,13,0,2026-04-24T04:25:25Z,bcsikes@berkeley.edu,0,0,0,heroku-postgresql:essential-0,2,"DATABASE_URL, OSEM_SENTRY_DSN",xinweili@berkeley.edu,0,0,0
sp26-04-snapcon,https://sp26-04-snapcon-506c32b689ad.herokuapp.com/,us,heroku-24,web: 1,133 MB,16 MB,13,13,0,2026-04-24T04:25:25Z,bcsikes@berkeley.edu,0,0,0,heroku-postgresql:essential-0,2,"DATABASE_URL, OSEM_SENTRY_DSN",zhouyijun@berkeley.edu,0,0,0
